user-id,activity,start-time,end-time,duration,num-rows,num-activities,num_activities
1,Walking,1970-01-01 01:23:11.922345,1970-01-01 01:28:51.942304,340.019959,6801,,1.0
1,Jogging,1970-01-01 01:29:34.662305,1970-01-01 01:33:44.562299,249.899994,4999,,1.0
1,Walking,1970-01-01 01:34:27.992292,1970-01-01 01:37:01.602369,153.610077,3073,,1.0
1,Walking,1970-01-01 01:37:05.572339,1970-01-01 01:39:34.872327,149.299988,2987,,1.0
1,Jogging,1970-01-01 01:39:55.682355,1970-01-01 01:44:58.492292,302.809937,6057,,1.0
1,Upstairs,1970-01-01 01:48:09.312330,1970-01-01 01:48:52.442334,43.130004,864,,1.0
1,Downstairs,1970-01-01 01:49:12.942304,1970-01-01 01:49:49.322339,36.380035,729,,1.0
1,Upstairs,1970-01-01 01:50:07.132337,1970-01-01 01:50:43.002301,35.869964,718,,1.0
1,Downstairs,1970-01-01 01:50:57.232343,1970-01-01 01:51:33.172345,35.940002,719,,1.0
1,Upstairs,1970-01-01 01:51:46.192334,1970-01-01 01:52:25.632306,39.439972,789,,1.0
1,Downstairs,1970-01-01 01:52:39.352338,1970-01-01 01:53:17.032300,37.679962,754,,1.0
1,Upstairs,1970-01-01 01:53:31.322339,1970-01-01 01:54:08.772504,37.450165,749,,1.0
1,Downstairs,1970-01-01 01:54:18.652356,1970-01-01 01:54:55.502332,36.849976,738,,1.0
2,Walking,1970-01-01 02:13:01.272321,1970-01-01 02:17:41.992322,280.720001,5615,,1.0
2,Jogging,1970-01-01 02:26:34.762342,1970-01-01 02:31:11.192335,276.429993,5529,,1.0
2,Walking,1970-01-01 02:41:46.402295,1970-01-01 02:46:52.532331,306.130036,6124,,1.0
2,Jogging,1970-01-01 02:47:45.442335,1970-01-01 02:52:58.192335,312.75,6256,,1.0
3,Walking,1970-01-02 04:00:32.351478,1970-01-02 04:06:09.471503,337.120025,6744,,1.0
3,Jogging,1970-01-02 04:07:16.221503,1970-01-02 04:13:21.111640,364.890137,7299,,1.0
3,Walking,1970-01-02 04:14:39.481544,1970-01-02 04:19:50.692481,311.210937,6226,,1.0
3,Jogging,1970-01-02 04:21:44.481452,1970-01-02 04:24:50.381476,185.900024,3719,,1.0
3,Sitting,1970-01-02 04:27:17.151588,1970-01-02 04:28:37.551490,80.399902,1609,,1.0
3,Standing,1970-01-02 04:28:59.721503,1970-01-02 04:31:20.861487,141.139984,2824,,1.0
3,Upstairs,1970-01-02 04:32:07.591498,1970-01-02 04:32:53.761481,46.169983,924,,1.0
3,Downstairs,1970-01-02 04:33:27.231879,1970-01-02 04:34:07.631599,40.39972,809,,1.0
3,Upstairs,1970-01-02 04:34:43.051459,1970-01-02 04:35:26.701606,43.650147,874,,1.0
3,Downstairs,1970-01-02 04:35:46.941474,1970-01-02 04:36:25.560248,38.618774,774,,1.0
3,Upstairs,1970-01-02 04:36:44.531531,1970-01-02 04:37:28.171485,43.639954,874,,1.0
3,Downstairs,1970-01-02 04:37:46.621467,1970-01-02 04:38:26.991553,40.370086,809,,1.0
3,Upstairs,1970-01-02 04:39:14.541511,1970-01-02 04:39:51.472541,36.93103,739,,1.0
3,Downstairs,1970-01-02 04:40:13.791663,1970-01-02 04:41:00.403083,46.61142,933,,1.0
4,Walking,1970-01-01 00:43:20.182292,1970-01-01 00:48:24.092296,303.910004,6079,,1.0
4,Jogging,1970-01-01 00:49:48.312297,1970-01-01 00:50:33.012309,44.700012,895,,1.0
4,Downstairs,1970-01-01 00:55:34.282390,1970-01-01 00:56:15.382335,41.099945,822,,1.0
4,Upstairs,1970-01-01 00:57:13.092326,1970-01-01 00:57:18.552257,5.459931,110,,1.0
4,Downstairs,1970-01-01 00:57:30.882335,1970-01-01 00:58:12.832347,41.950012,840,,1.0
4,Upstairs,1970-01-01 00:58:30.522319,1970-01-01 00:59:33.792400,63.270081,1267,,1.0
4,Sitting,1970-01-01 01:00:18.172283,1970-01-01 01:01:20.892345,62.720062,1256,,1.0
5,Walking,1970-01-01 00:20:02.262279,1970-01-01 00:25:08.182262,305.919983,6119,,1.0
5,Walking,1970-01-01 00:26:39.582287,1970-01-01 00:31:46.502300,306.920013,6139,,1.0
5,Jogging,1970-01-01 00:32:25.942242,1970-01-01 00:37:46.142315,320.200073,6405,,1.0
5,Upstairs,1970-01-01 00:40:27.752270,1970-01-01 00:41:22.882305,55.130035,1104,,1.0
5,Downstairs,1970-01-01 00:42:59.322277,1970-01-01 00:43:53.712231,54.389954,1089,,1.0
5,Upstairs,1970-01-01 00:44:19.882275,1970-01-01 00:45:14.762218,54.879943,1099,,1.0
5,Downstairs,1970-01-01 00:45:59.442211,1970-01-01 00:46:54.572247,55.130036,1104,,1.0
5,Upstairs,1970-01-01 00:47:14.242290,1970-01-01 00:48:13.402264,59.159974,1184,,1.0
5,Downstairs,1970-01-01 00:49:01.542278,1970-01-01 00:49:55.873089,54.330811,1088,,1.0
5,Sitting,1970-01-01 00:50:41.172314,1970-01-01 00:52:04.342266,83.169952,1664,,1.0
5,Standing,1970-01-01 00:52:27.192272,1970-01-01 00:53:42.842205,75.649933,1514,,1.0
6,Jogging,1970-01-01 00:43:40.332439,1970-01-01 00:53:31.032268,590.699829,10961,,1.0
6,Walking,1970-01-01 00:54:11.954265,1970-01-01 01:04:31.342296,619.388031,12262,,1.0
6,Upstairs,1970-01-01 01:06:26.732280,1970-01-01 01:09:01.652202,154.919922,3092,,2.0
6,Sitting,1970-01-01 16:20:26.382335,1970-01-01 16:21:50.312328,83.929993,1679,,1.0
6,Standing,1970-01-01 16:22:13.792278,1970-01-01 16:22:49.142314,35.350036,708,,1.0
7,Jogging,1970-01-03 09:36:48.372895,1970-01-03 09:38:08.838716,80.465821,1611,,1.0
7,Jogging,1970-01-03 09:38:14.181428,1970-01-03 09:38:27.061463,12.880035,259,,1.0
7,Jogging,1970-01-03 09:38:29.771516,1970-01-03 09:38:35.621583,5.850067,111,,1.0
7,Jogging,1970-01-03 09:38:38.851869,1970-01-03 09:38:52.781648,13.929779,279,,1.0
7,Jogging,1970-01-03 09:38:56.611360,1970-01-03 09:39:05.261720,8.65036,174,,1.0
7,Jogging,1970-01-03 09:39:26.981507,1970-01-03 09:42:39.261689,192.280182,3847,,1.0
7,Walking,1970-01-03 09:43:02.852113,1970-01-03 09:47:41.491578,278.639465,5574,,1.0
7,Jogging,1970-01-03 09:48:15.351533,1970-01-03 09:49:07.263154,51.911621,1039,,1.0
7,Jogging,1970-01-03 09:49:10.201600,1970-01-03 09:49:23.461793,13.260193,266,,1.0
7,Jogging,1970-01-03 09:49:29.091493,1970-01-03 09:50:00.261567,31.170074,624,,1.0
7,Jogging,1970-01-03 09:50:02.604951,1970-01-03 09:50:26.752168,24.147217,484,,1.0
7,Jogging,1970-01-03 09:50:29.852174,1970-01-03 09:50:54.251466,24.399292,489,,1.0
7,Walking,1970-01-03 09:51:26.596070,1970-01-03 09:55:59.521455,272.925385,5459,,1.0
7,Upstairs,1970-01-03 09:58:30.151673,1970-01-03 09:59:16.301454,46.149781,924,,1.0
7,Downstairs,1970-01-03 09:59:32.451722,1970-01-03 10:00:00.111634,27.659912,554,,1.0
7,Upstairs,1970-01-03 10:00:25.591554,1970-01-03 10:01:10.531495,44.939941,899,,1.0
7,Downstairs,1970-01-03 10:01:23.051606,1970-01-03 10:01:50.951692,27.900086,559,,1.0
7,Upstairs,1970-01-03 10:02:05.071473,1970-01-03 10:02:45.451631,40.380158,809,,1.0
7,Downstairs,1970-01-03 10:03:08.201539,1970-01-03 10:03:34.851533,26.649994,534,,1.0
7,Upstairs,1970-01-03 10:03:43.540406,1970-01-03 10:04:31.921479,48.381073,969,,1.0
7,Downstairs,1970-01-03 10:04:42.181642,1970-01-03 10:05:12.661683,30.480041,610,,1.0
7,Standing,1970-01-03 10:05:33.301576,1970-01-03 10:07:31.461488,118.159912,2364,,1.0
7,Sitting,1970-01-03 10:07:51.061402,1970-01-03 10:09:57.321687,126.260285,2528,,1.0
8,Walking,1970-01-02 06:34:00.651741,1970-01-02 06:43:05.551552,544.899811,10899,,1.0
8,Jogging,1970-01-02 06:47:01.191627,1970-01-02 06:51:21.571449,260.379822,5209,,1.0
8,Walking,1970-01-02 06:52:20.241676,1970-01-02 06:57:30.613563,310.371887,6209,,1.0
8,Jogging,1970-01-02 06:57:59.551674,1970-01-02 06:58:07.851478,8.299804,167,,1.0
8,Jogging,1970-01-02 06:58:11.841560,1970-01-02 07:02:18.393440,246.55188,4937,,1.0
8,Upstairs,1970-01-02 07:04:05.187080,1970-01-02 07:05:03.611488,58.424408,1169,,1.0
8,Downstairs,1970-01-02 07:05:11.981636,1970-01-02 07:06:13.381630,61.399994,1229,,1.0
8,Upstairs,1970-01-02 07:06:22.673866,1970-01-02 07:07:19.561378,56.887512,1139,,1.0
8,Downstairs,1970-01-02 07:07:26.021553,1970-01-02 07:08:19.041450,53.019897,1059,,1.0
8,Upstairs,1970-01-02 07:08:24.252540,1970-01-02 07:09:28.981483,64.728943,1296,,1.0
8,Downstairs,1970-01-02 07:09:33.196693,1970-01-02 07:10:26.081428,52.884735,1057,,1.0
8,Upstairs,1970-01-02 07:10:38.831520,1970-01-02 07:11:21.181648,42.350128,849,,1.0
8,Sitting,1970-01-02 07:13:44.931495,1970-01-02 07:15:59.801582,134.870087,2699,,1.0
8,Standing,1970-01-02 07:16:18.291481,1970-01-02 07:19:01.631447,163.339966,3268,,1.0
9,Walking,1970-01-01 01:59:05.892347,1970-01-01 02:04:42.302320,336.409973,6729,,1.0
9,Walking,1970-01-01 02:35:04.932355,1970-01-01 02:40:14.542341,309.609986,6193,,1.0
10,Walking,1970-01-01 00:56:18.085705,1970-01-01 01:01:52.442394,334.356689,6688,,1.0
10,Jogging,1970-01-01 01:02:26.812115,1970-01-01 01:07:24.702343,297.890228,5960,,1.0
10,Walking,1970-01-01 01:07:57.822430,1970-01-01 01:13:15.682293,317.859863,6358,,1.0
10,Jogging,1970-01-01 01:13:53.472301,1970-01-01 01:18:59.632305,306.160004,6124,,1.0
10,Upstairs,1970-01-01 01:21:39.062328,1970-01-01 01:22:31.752331,52.690003,1055,,1.0
10,Downstairs,1970-01-01 01:22:53.782391,1970-01-01 01:23:39.512371,45.72998,916,,1.0
10,Upstairs,1970-01-01 01:23:59.012432,1970-01-01 01:24:51.412365,52.399933,1049,,1.0
10,Downstairs,1970-01-01 01:25:10.172497,1970-01-01 01:25:56.612316,46.439819,930,,1.0
10,Upstairs,1970-01-01 01:26:27.732433,1970-01-01 01:27:21.762341,54.029908,1082,,1.0
10,Downstairs,1970-01-01 01:27:41.622204,1970-01-01 01:28:29.622326,48.000122,961,,1.0
10,Upstairs,1970-01-01 01:28:47.892376,1970-01-01 01:29:43.212383,55.320007,1108,,1.0
10,Downstairs,1970-01-01 01:30:07.262432,1970-01-01 01:30:56.452404,49.189972,985,,1.0
10,Standing,1970-01-01 01:31:32.862286,1970-01-01 01:32:55.732342,82.870056,1658,,1.0
11,Walking,1970-01-01 00:24:34.122264,1970-01-01 00:25:02.022288,27.900024,559,,1.0
11,Walking,1970-01-01 00:25:05.112315,1970-01-01 00:29:47.072368,281.960053,5640,,1.0
11,Walking,1970-01-01 00:31:07.272288,1970-01-01 00:34:57.912242,230.639954,4614,,1.0
11,Walking,1970-01-01 00:36:21.765514,1970-01-01 00:37:27.932292,66.166778,1324,,1.0
11,Upstairs,1970-01-01 00:38:43.852214,1970-01-01 00:39:58.742290,74.890076,1499,,1.0
11,Upstairs,1970-01-01 00:44:59.702281,1970-01-01 00:45:47.642345,47.940064,960,,1.0
11,Downstairs,1970-01-01 00:46:15.012431,1970-01-01 00:46:58.622356,43.609925,874,,1.0
11,Upstairs,1970-01-01 00:47:16.952891,1970-01-01 00:48:08.332317,51.379426,1029,,1.0
11,Downstairs,1970-01-01 00:48:52.082286,1970-01-01 00:49:35.712260,43.629974,874,,1.0
11,Upstairs,1970-01-01 00:49:57.222301,1970-01-01 00:50:42.392314,45.170013,904,,1.0
11,Downstairs,1970-01-01 00:51:09.832286,1970-01-01 00:51:56.042277,46.209991,926,,1.0
11,Jogging,1970-01-01 15:43:18.732342,1970-01-01 15:53:41.322338,622.589996,12453,,1.0
12,Walking,1970-01-01 04:42:57.801553,1970-01-01 04:47:37.711495,279.909942,5599,,1.0
12,Jogging,1970-01-01 04:49:02.281564,1970-01-01 04:54:21.491433,319.209869,6385,,1.0
12,Walking,1970-01-01 04:55:44.641518,1970-01-01 05:00:04.541665,259.900147,5199,,1.0
12,Jogging,1970-01-01 05:02:14.902810,1970-01-01 05:07:13.645333,298.742523,5975,,1.0
12,Sitting,1970-01-01 05:10:45.411507,1970-01-01 05:12:39.781594,114.370087,2289,,1.0
12,Upstairs,1970-01-01 05:13:50.601479,1970-01-01 05:14:29.772317,39.170838,785,,1.0
12,Downstairs,1970-01-01 05:15:36.251595,1970-01-01 05:16:09.651437,33.399842,669,,1.0
12,Upstairs,1970-01-01 05:16:38.011575,1970-01-01 05:17:13.231362,35.219787,705,,1.0
12,Downstairs,1970-01-01 05:17:32.121529,1970-01-01 05:18:07.822366,35.700837,715,,1.0
12,Upstairs,1970-01-01 05:18:31.723763,1970-01-01 05:19:03.891640,32.167877,644,,1.0
12,Downstairs,1970-01-01 05:20:31.461892,1970-01-01 05:21:09.141671,37.679779,755,,1.0
12,Standing,1970-01-01 05:21:43.101632,1970-01-01 05:23:06.531503,83.429871,1670,,1.0
12,Upstairs,1970-01-01 05:23:53.581734,1970-01-01 05:24:19.301736,25.720002,520,,1.0
12,Downstairs,1970-01-01 05:25:08.701546,1970-01-01 05:25:45.151498,36.449952,730,,1.0
13,Sitting,1970-01-01 00:12:03.702342,1970-01-01 00:13:02.622325,58.919983,1179,,1.0
13,Standing,1970-01-01 00:14:15.462261,1970-01-01 00:15:38.342266,82.880005,1659,,1.0
13,Walking,1970-01-01 00:17:27.162303,1970-01-01 00:22:45.592265,318.429962,6370,,1.0
13,Jogging,1970-01-01 00:23:16.712260,1970-01-01 00:28:19.422313,302.710053,5546,,1.0
13,Walking,1970-01-01 00:29:06.022197,1970-01-01 00:34:39.832286,333.810089,6677,,1.0
13,Jogging,1970-01-01 00:36:43.922282,1970-01-01 00:41:57.982310,314.060028,5755,,1.0
13,Upstairs,1970-01-01 00:46:02.002238,1970-01-01 00:47:04.382304,62.380066,1249,,1.0
13,Downstairs,1970-01-01 00:47:46.042277,1970-01-01 00:48:50.922221,64.879944,1299,,1.0
13,Upstairs,1970-01-01 00:49:32.982951,1970-01-01 00:50:16.872264,43.889313,877,,1.0
13,Upstairs,1970-01-01 00:50:19.572307,1970-01-01 00:50:58.562205,38.989898,781,,1.0
13,Downstairs,1970-01-01 00:51:21.582255,1970-01-01 00:52:37.612315,76.03006,1522,,1.0
13,Upstairs,1970-01-01 00:55:23.032115,1970-01-01 00:56:49.322276,86.290161,1730,,1.0
13,Downstairs,1970-01-01 00:57:07.752177,1970-01-01 00:58:18.682201,70.930024,1419,,1.0
14,Downstairs,1970-01-01 16:00:51.532330,1970-01-01 16:05:29.452343,277.920013,5559,,2.0
14,Upstairs,1970-01-01 16:08:04.342297,1970-01-01 16:10:59.212322,174.870025,3499,,1.0
14,Downstairs,1970-01-01 16:11:22.592266,1970-01-01 16:12:08.522320,45.930054,920,,1.0
14,Upstairs,1970-01-01 16:12:27.842327,1970-01-01 16:13:21.592358,53.750031,1076,,1.0
14,Walking,1970-01-01 16:26:29.832256,1970-01-01 16:32:28.782329,358.950073,7180,,1.0
14,Jogging,1970-01-01 16:33:16.132366,1970-01-01 16:38:57.552349,341.419983,6830,,1.0
14,Walking,1970-01-01 16:39:16.732341,1970-01-01 16:44:50.612316,333.879975,6679,,1.0
14,Jogging,1970-01-01 16:45:44.672405,1970-01-01 16:51:07.042339,322.369934,6448,,1.0
15,Jogging,1970-01-01 00:05:28.982249,1970-01-01 00:15:58.892467,629.910218,10799,,1.0
15,Walking,1970-01-01 00:17:01.512218,1970-01-01 00:26:37.852244,576.340026,11467,,1.0
15,Upstairs,1970-01-01 00:31:14.892314,1970-01-01 00:32:00.692271,45.799957,840,,2.0
15,Upstairs,1970-01-01 00:32:03.492290,1970-01-01 00:32:13.292277,9.799987,197,,1.0
15,Downstairs,1970-01-01 00:32:15.602214,1970-01-01 00:32:56.032268,40.430054,731,,2.0
15,Downstairs,1970-01-01 00:32:59.282268,1970-01-01 00:33:06.352306,7.070038,143,,1.0
15,Upstairs,1970-01-01 00:33:08.702281,1970-01-01 00:34:56.922252,108.219971,1905,,2.0
16,Sitting,1970-01-01 00:15:33.292308,1970-01-01 00:18:02.412364,149.120056,2984,,1.0
16,Walking,1970-01-01 01:28:25.052348,1970-01-01 01:38:51.042338,625.98999,12521,,1.0
16,Upstairs,1970-01-01 01:54:18.862315,1970-01-01 01:55:29.342296,70.479981,1411,,1.0
16,Downstairs,1970-01-01 01:55:52.872142,1970-01-01 01:56:40.862346,47.990204,962,,1.0
16,Downstairs,1970-01-01 01:58:50.122691,1970-01-01 01:59:20.742320,30.619629,613,,1.0
16,Standing,1970-01-01 16:15:03.132305,1970-01-01 16:16:41.982311,98.850006,1978,,1.0
17,Upstairs,1970-01-01 09:32:14.782331,1970-01-01 09:33:22.003217,67.220886,1346,,1.0
17,Downstairs,1970-01-01 09:33:56.292341,1970-01-01 09:34:54.132245,57.839904,1158,,1.0
17,Upstairs,1970-01-01 09:35:14.712232,1970-01-01 09:36:27.052350,72.340118,1447,,1.0
17,Downstairs,1970-01-01 09:36:47.542280,1970-01-01 09:37:52.942335,65.400055,1309,,1.0
17,Upstairs,1970-01-01 09:38:19.312330,1970-01-01 09:39:30.522352,71.210022,1425,,1.0
17,Downstairs,1970-01-01 09:39:50.912336,1970-01-01 09:40:55.852338,64.940002,1300,,1.0
17,Upstairs,1970-01-01 09:41:08.432325,1970-01-01 09:42:21.962324,73.529999,1471,,1.0
17,Walking,1970-01-01 09:43:20.782331,1970-01-01 09:48:55.772291,334.98996,6700,,1.0
17,Walking,1970-01-01 16:04:29.902574,1970-01-01 16:09:43.122301,313.219727,2977,,1.0
17,Jogging,1970-01-01 16:10:31.492296,1970-01-01 16:15:48.232378,316.740082,2886,,1.0
18,Sitting,1970-01-01 00:04:36.452342,1970-01-01 00:05:49.742992,73.29065,1467,,1.0
18,Standing,1970-01-01 00:06:14.642284,1970-01-01 00:07:52.292399,97.650115,1954,,1.0
18,Jogging,1970-01-01 04:56:04.522291,1970-01-01 05:01:09.762251,305.23996,5486,,1.0
18,Walking,1970-01-01 05:02:31.072249,1970-01-01 05:07:44.162245,313.089996,6258,,1.0
18,Jogging,1970-01-01 05:08:35.452131,1970-01-01 05:13:37.442305,301.990174,5425,,1.0
18,Walking,1970-01-01 05:14:15.412275,1970-01-01 05:19:30.422316,315.010041,6296,,1.0
18,Downstairs,1970-01-01 09:13:28.972338,1970-01-01 09:14:28.712206,59.739868,1192,,1.0
18,Upstairs,1970-01-01 09:14:59.742266,1970-01-01 09:16:03.015795,63.273529,1254,,1.0
18,Downstairs,1970-01-01 09:19:00.022265,1970-01-01 09:20:01.122271,61.100006,1218,,1.0
18,Upstairs,1970-01-01 09:20:29.172229,1970-01-01 09:21:27.132281,57.960052,1154,,1.0
19,Jogging,1970-01-02 12:00:12.111482,1970-01-02 12:02:59.211427,167.099945,3343,,1.0
19,Walking,1970-01-02 12:03:26.921510,1970-01-02 12:08:19.491609,292.570099,5852,,1.0
19,Jogging,1970-01-02 12:08:46.231508,1970-01-02 12:14:07.632570,321.401062,12858,,1.0
19,Walking,1970-01-02 12:14:28.180299,1970-01-02 12:19:22.391603,294.211304,11770,,1.0
19,Upstairs,1970-01-02 12:21:56.491457,1970-01-02 12:22:45.151521,48.660064,974,,1.0
19,Downstairs,1970-01-02 12:23:06.071931,1970-01-02 12:23:41.071474,34.999543,701,,1.0
19,Upstairs,1970-01-02 12:23:52.241640,1970-01-02 12:24:55.571535,63.329895,1268,,1.0
19,Downstairs,1970-01-02 12:25:10.931581,1970-01-02 12:25:41.851595,30.920014,620,,1.0
19,Upstairs,1970-01-02 12:25:53.301485,1970-01-02 12:26:49.231416,55.929931,1121,,1.0
19,Downstairs,1970-01-02 12:26:53.431490,1970-01-02 12:27:26.991579,33.560089,672,,1.0
19,Upstairs,1970-01-02 12:27:49.981538,1970-01-02 12:28:35.761507,45.779969,917,,1.0
19,Downstairs,1970-01-02 12:28:46.391634,1970-01-02 12:29:17.351686,30.960052,620,,1.0
19,Standing,1970-01-02 12:29:31.491487,1970-01-02 12:31:18.021486,106.529999,2132,,1.0
19,Sitting,1970-01-02 12:31:36.891542,1970-01-02 12:33:43.491487,126.599945,2533,,1.0
20,Walking,1970-01-01 00:05:24.212291,1970-01-01 00:10:57.652263,333.439972,6580,,1.0
20,Jogging,1970-01-01 00:12:11.272319,1970-01-01 00:17:20.202342,308.930023,5183,,1.0
20,Walking,1970-01-01 00:18:20.242900,1970-01-01 00:23:43.162242,322.919342,6447,,1.0
20,Jogging,1970-01-01 00:24:32.892284,1970-01-01 00:30:05.003520,332.111236,5545,,1.0
20,Upstairs,1970-01-01 00:35:34.272258,1970-01-01 00:36:32.712260,58.440002,1170,,1.0
20,Downstairs,1970-01-01 00:37:29.952983,1970-01-01 00:38:26.342265,56.389282,1129,,1.0
20,Upstairs,1970-01-01 00:39:04.482341,1970-01-01 00:40:08.162303,63.679962,1271,,1.0
20,Downstairs,1970-01-01 00:40:54.392284,1970-01-01 00:41:53.062236,58.669952,1178,,1.0
20,Upstairs,1970-01-01 00:42:32.792338,1970-01-01 00:43:32.682201,59.889863,1199,,1.0
20,Downstairs,1970-01-01 00:44:18.022258,1970-01-01 00:45:18.602306,60.580048,1217,,1.0
20,Upstairs,1970-01-01 00:45:58.002299,1970-01-01 00:46:57.922252,59.919953,1193,,1.0
20,Downstairs,1970-01-01 00:47:24.932231,1970-01-01 00:48:22.322246,57.390015,1149,,1.0
20,Sitting,1970-01-01 16:17:31.932324,1970-01-01 16:30:34.082348,782.150024,15644,,1.0
20,Standing,1970-01-01 16:32:19.612347,1970-01-01 16:36:48.882305,269.269958,5388,,1.0
21,Walking,1970-01-02 08:44:13.632239,1970-01-02 08:49:38.251776,324.619537,6494,,1.0
21,Jogging,1970-01-02 08:51:13.401495,1970-01-02 08:54:26.571509,193.170014,3864,,1.0
21,Sitting,1970-01-02 08:56:53.201544,1970-01-02 08:58:13.611456,80.409912,1609,,1.0
21,Standing,1970-01-02 08:58:37.931525,1970-01-02 09:01:00.811469,142.879944,2859,,1.0
21,Upstairs,1970-01-02 09:02:20.631567,1970-01-02 09:03:13.041510,52.409943,1049,,1.0
21,Downstairs,1970-01-02 09:03:29.221503,1970-01-02 09:04:15.113989,45.892486,919,,1.0
21,Upstairs,1970-01-02 09:04:35.901465,1970-01-02 09:05:29.821509,53.920044,1079,,1.0
21,Downstairs,1970-01-02 09:05:43.071600,1970-01-02 09:06:27.221594,44.149994,884,,1.0
21,Upstairs,1970-01-02 09:06:42.201514,1970-01-02 09:07:46.831519,64.630005,1294,,1.0
21,Downstairs,1970-01-02 09:08:01.881537,1970-01-02 09:09:00.032416,58.150879,1164,,1.0
21,Upstairs,1970-01-02 09:09:30.641547,1970-01-02 09:10:41.533331,70.891784,1419,,1.0
21,Downstairs,1970-01-02 09:10:53.671576,1970-01-02 09:11:47.015662,53.344086,1068,,1.0
22,Walking,1970-01-01 00:10:36.672526,1970-01-01 00:16:28.072307,351.399781,7029,,1.0
22,Jogging,1970-01-01 00:17:12.892345,1970-01-01 00:22:24.062297,311.169952,6224,,1.0
22,Upstairs,1970-01-01 00:28:52.822337,1970-01-01 00:29:57.732341,64.910004,1299,,1.0
22,Upstairs,1970-01-01 00:30:37.602336,1970-01-01 00:31:48.052348,70.450012,1410,,1.0
22,Downstairs,1970-01-01 00:32:04.622356,1970-01-01 00:33:04.572307,59.949951,1200,,1.0
22,Upstairs,1970-01-01 00:33:20.902324,1970-01-01 00:34:30.842723,69.940399,1401,,1.0
22,Downstairs,1970-01-01 00:34:41.122295,1970-01-01 00:35:36.502330,55.380035,1109,,1.0
22,Upstairs,1970-01-01 00:35:49.202342,1970-01-01 00:36:55.172343,65.970001,1320,,1.0
22,Downstairs,1970-01-01 00:37:04.232341,1970-01-01 00:38:09.632304,65.399963,1309,,1.0
23,Walking,1970-01-01 00:02:58.042552,1970-01-01 00:08:27.402629,329.360077,6589,,1.0
23,Jogging,1970-01-01 00:09:08.672343,1970-01-01 00:14:19.662303,310.98996,6221,,1.0
23,Jogging,1970-01-01 00:20:24.872356,1970-01-01 00:25:29.232341,304.359985,6088,,1.0
23,Upstairs,1970-01-01 00:27:52.482341,1970-01-01 00:28:52.422404,59.940063,1199,,1.0
23,Downstairs,1970-01-01 00:29:05.082316,1970-01-01 00:29:54.495097,49.412781,990,,1.0
23,Upstairs,1970-01-01 00:30:03.503123,1970-01-01 00:31:07.152293,63.64917,1274,,1.0
23,Upstairs,1970-01-01 00:32:23.562297,1970-01-01 00:33:27.262401,63.700104,1275,,1.0
23,Downstairs,1970-01-01 00:33:40.472331,1970-01-01 00:34:27.863475,47.391144,949,,1.0
23,Upstairs,1970-01-01 00:34:36.702312,1970-01-01 00:35:31.023265,54.320953,1087,,1.0
24,Walking,1970-01-01 03:57:38.501627,1970-01-01 03:58:07.551523,29.049896,582,,1.0
24,Jogging,1970-01-01 03:58:43.451517,1970-01-01 04:03:58.631510,315.179993,6304,,1.0
24,Walking,1970-01-01 04:05:19.801553,1970-01-01 04:10:03.431497,283.629944,5674,,1.0
24,Jogging,1970-01-01 04:11:34.811472,1970-01-01 04:16:33.481729,298.670257,5974,,1.0
24,Upstairs,1970-01-01 04:21:22.931619,1970-01-01 04:21:51.261514,28.329895,570,,1.0
24,Downstairs,1970-01-01 04:22:34.871652,1970-01-01 04:23:14.601511,39.729859,796,,1.0
24,Upstairs,1970-01-01 04:23:42.011606,1970-01-01 04:24:20.451608,38.440002,770,,1.0
24,Downstairs,1970-01-01 04:24:29.801523,1970-01-01 04:25:07.681528,37.880005,758,,1.0
24,Upstairs,1970-01-01 04:25:17.571665,1970-01-01 04:25:57.201547,39.629882,794,,1.0
24,Downstairs,1970-01-01 04:26:05.601572,1970-01-01 04:26:44.801431,39.199859000000004,785,,1.0
24,Upstairs,1970-01-01 04:27:21.981546,1970-01-01 04:28:07.161508,45.179962,905,,1.0
24,Downstairs,1970-01-01 04:28:16.361521,1970-01-01 04:28:45.801523,29.440002,590,,1.0
24,Standing,1970-01-01 04:29:17.221475,1970-01-01 04:29:44.371530,27.150055,544,,1.0
24,Sitting,1970-01-01 04:30:03.881540,1970-01-01 04:30:38.291483,34.409943,689,,1.0
25,Walking,1970-01-01 02:05:52.162336,1970-01-01 02:11:41.072339,348.910003,6979,,1.0
25,Jogging,1970-01-01 02:19:24.372297,1970-01-01 02:24:48.722333,324.350036,6488,,1.0
26,Walking,1970-01-01 00:03:40.762340,1970-01-01 00:09:04.782298,324.019958,6481,,1.0
26,Jogging,1970-01-01 00:09:53.102306,1970-01-01 00:14:43.732341,290.630035,5814,,1.0
26,Walking,1970-01-01 00:15:35.692302,1970-01-01 00:21:12.082347,336.390045,6729,,1.0
26,Jogging,1970-01-01 00:21:43.022807,1970-01-01 00:26:47.922343,304.899536,6099,,1.0
26,Upstairs,1970-01-01 00:29:21.372325,1970-01-01 00:30:07.322368,45.950043,920,,1.0
26,Downstairs,1970-01-01 00:30:23.002330,1970-01-01 00:31:11.932353,48.930023,979,,1.0
26,Upstairs,1970-01-01 00:31:33.392345,1970-01-01 00:32:15.812297,42.419952,849,,1.0
26,Downstairs,1970-01-01 00:32:36.742320,1970-01-01 00:33:24.202312,47.459992,950,,1.0
26,Upstairs,1970-01-01 00:33:37.862315,1970-01-01 00:34:23.263621,45.401306,910,,1.0
26,Downstairs,1970-01-01 00:34:38.292125,1970-01-01 00:35:26.662303,48.370178,969,,1.0
26,Upstairs,1970-01-01 00:35:48.132365,1970-01-01 00:36:35.052318,46.919953,939,,1.0
26,Downstairs,1970-01-01 00:36:53.992259,1970-01-01 00:37:40.842326,46.850067,938,,1.0
27,Walking,1970-01-01 02:53:21.072248,1970-01-01 02:58:45.932233,324.859985,6496,,1.0
27,Jogging,1970-01-01 02:59:19.852307,1970-01-01 03:04:21.692304,301.839997,5424,,1.0
27,Walking,1970-01-01 03:04:55.222211,1970-01-01 03:09:53.872266,298.650055,5870,,1.0
27,Jogging,1970-01-01 03:10:22.052289,1970-01-01 03:15:18.732282,296.679993,5432,,1.0
27,Upstairs,1970-01-01 03:17:10.722303,1970-01-01 03:17:52.852368,42.130065,795,,1.0
27,Downstairs,1970-01-01 03:18:27.902234,1970-01-01 03:19:04.752423,36.850189,734,,1.0
27,Upstairs,1970-01-01 03:19:21.702375,1970-01-01 03:20:00.452252,38.749877,745,,1.0
27,Downstairs,1970-01-01 03:20:16.862256,1970-01-01 03:21:09.292310,52.430054,1043,,1.0
27,Upstairs,1970-01-01 03:21:26.852307,1970-01-01 03:22:09.172315,42.320008,776,,1.0
27,Downstairs,1970-01-01 03:22:26.742231,1970-01-01 03:23:10.992200,44.249969,878,,1.0
27,Upstairs,1970-01-01 03:23:28.502179,1970-01-01 03:24:07.292218,38.790039,748,,1.0
27,Downstairs,1970-01-01 03:24:39.812177,1970-01-01 03:25:19.112226,39.300049,787,,1.0
27,Sitting,1970-01-01 03:26:03.992261,1970-01-01 03:27:48.912274,104.920013,2099,,1.0
27,Standing,1970-01-01 03:28:55.892255,1970-01-01 03:30:17.262799,81.370544,1629,,1.0
28,Walking,1970-01-01 00:25:06.362316,1970-01-01 00:36:54.752270,708.389954,14169,,1.0
28,Upstairs,1970-01-01 00:41:49.132305,1970-01-01 00:43:12.742199,83.609894,1673,,1.0
28,Downstairs,1970-01-01 00:44:45.972210,1970-01-01 00:45:45.272350,59.30014,1187,,1.0
28,Upstairs,1970-01-01 00:46:13.372204,1970-01-01 00:47:14.272594,60.90039,1219,,1.0
28,Downstairs,1970-01-01 00:49:03.722240,1970-01-01 00:49:50.352215,46.629975,934,,1.0
28,Downstairs,1970-01-01 00:51:30.972240,1970-01-01 00:52:14.702557,43.730317,876,,1.0
28,Standing,1970-01-01 00:53:14.742229,1970-01-01 00:54:19.612286,64.870057,1299,,1.0
29,Sitting,1970-01-01 00:03:55.612316,1970-01-01 00:05:51.512279,115.899963,2319,,1.0
29,Standing,1970-01-01 00:06:25.072277,1970-01-01 00:07:45.152324,80.080047,1603,,1.0
29,Walking,1970-01-01 01:58:32.302318,1970-01-01 02:03:40.222240,307.919922,6098,,1.0
29,Jogging,1970-01-01 02:05:52.892222,1970-01-01 02:11:02.542247,309.650025,5602,,1.0
29,Walking,1970-01-01 02:11:29.722240,1970-01-01 02:16:42.712352,312.990112,6256,,1.0
29,Jogging,1970-01-01 02:17:36.662303,1970-01-01 02:23:01.432323,324.77002,5856,,1.0
29,Upstairs,1970-01-01 02:27:32.722240,1970-01-01 02:28:32.122233,59.399993,1189,,1.0
29,Downstairs,1970-01-01 02:28:53.932262,1970-01-01 02:29:47.272258,53.339996,1033,,1.0
29,Upstairs,1970-01-01 02:30:06.042216,1970-01-01 02:31:03.382213,57.339997,1148,,1.0
29,Downstairs,1970-01-01 02:31:25.732280,1970-01-01 02:32:15.552287,49.820007,997,,1.0
29,Upstairs,1970-01-01 02:32:48.172282,1970-01-01 02:33:48.032298,59.860016,1183,,1.0
29,Downstairs,1970-01-01 02:34:16.492259,1970-01-01 02:35:10.922313,54.430054,1089,,1.0
29,Upstairs,1970-01-01 02:35:34.903392,1970-01-01 02:36:37.312297,62.408905,1249,,1.0
29,Downstairs,1970-01-01 02:37:02.772288,1970-01-01 02:38:01.262431,58.490143,1145,,1.0
30,Walking,1970-01-01 00:02:32.192332,1970-01-01 00:13:01.112346,628.920014,12579,,1.0
30,Upstairs,1970-01-01 00:15:23.422313,1970-01-01 00:16:36.272319,72.850006,1459,,1.0
30,Downstairs,1970-01-01 00:16:55.302348,1970-01-01 00:17:56.432262,61.129914,1224,,1.0
30,Upstairs,1970-01-01 00:18:31.603007,1970-01-01 00:19:34.512340,62.909333,1259,,1.0
30,Downstairs,1970-01-01 00:19:55.982585,1970-01-01 00:21:00.892284,64.909699,1299,,1.0
30,Upstairs,1970-01-01 00:21:28.102336,1970-01-01 00:22:43.442332,75.339996,1508,,1.0
30,Downstairs,1970-01-01 00:22:54.082316,1970-01-01 00:24:01.472362,67.390046,1349,,1.0
30,Sitting,1970-01-01 00:24:33.282329,1970-01-01 00:25:51.182323,77.899994,1559,,1.0
30,Standing,1970-01-01 00:26:14.812358,1970-01-01 00:28:49.682292,154.869934,3098,,1.0
31,Walking,1970-01-01 06:13:31.812721,1970-01-01 06:21:44.701515,492.888794,9859,,1.0
31,Jogging,1970-01-01 06:26:29.991615,1970-01-01 06:32:13.121590,343.129975,6863,,1.0
31,Walking,1970-01-01 06:32:28.801826,1970-01-01 06:38:19.601601,350.799775,7017,,1.0
31,Jogging,1970-01-01 06:38:41.361366,1970-01-01 06:44:41.921974,360.560608,7212,,1.0
31,Upstairs,1970-01-01 06:46:10.161537,1970-01-01 06:47:26.291481,76.129944,1524,,1.0
31,Downstairs,1970-01-01 06:47:37.621620,1970-01-01 06:48:41.831489,64.209869,1285,,1.0
31,Upstairs,1970-01-01 06:48:57.911507,1970-01-01 06:50:14.821510,76.910003,1539,,1.0
31,Downstairs,1970-01-01 06:50:33.141548,1970-01-01 06:51:39.731544,66.589996,1333,,1.0
31,Upstairs,1970-01-01 06:51:54.601509,1970-01-01 06:53:15.361488,80.759979,1616,,1.0
31,Downstairs,1970-01-01 06:53:27.241493,1970-01-01 06:54:30.881538,63.640045,1274,,1.0
31,Sitting,1970-01-01 06:55:17.901436,1970-01-01 06:57:05.281471,107.380035,2148,,1.0
31,Standing,1970-01-01 06:57:56.981544,1970-01-01 07:00:07.521553,130.540009,2611,,1.0
32,Sitting,1970-01-01 00:41:12.912303,1970-01-01 00:43:45.792308,152.880005,3059,,1.0
32,Standing,1970-01-01 00:44:14.022319,1970-01-01 00:45:37.442302,83.419983,1669,,1.0
32,Walking,1970-01-01 06:30:45.542281,1970-01-01 06:36:14.002303,328.460022,6570,,1.0
32,Jogging,1970-01-01 06:36:43.422255,1970-01-01 06:41:51.232284,307.810029,5192,,1.0
32,Walking,1970-01-01 06:42:41.362227,1970-01-01 06:47:31.542251,290.180024,5805,,1.0
32,Jogging,1970-01-01 06:48:00.772170,1970-01-01 06:53:12.752273,311.980103,5057,,1.0
32,Upstairs,1970-01-01 06:54:19.353713,1970-01-01 06:55:09.432265,50.078552,996,,1.0
32,Downstairs,1970-01-01 06:57:16.422561,1970-01-01 06:57:46.862227,30.439666,557,,1.0
32,Upstairs,1970-01-01 06:58:12.762313,1970-01-01 06:58:58.082320,45.320007,901,,1.0
32,Upstairs,1970-01-01 06:59:43.743361,1970-01-01 07:00:32.512282,48.768921,971,,1.0
32,Downstairs,1970-01-01 07:00:50.024093,1970-01-01 07:01:24.232223,34.20813,636,,1.0
32,Upstairs,1970-01-01 07:01:47.483657,1970-01-01 07:02:33.892287,46.40863,929,,1.0
32,Downstairs,1970-01-01 07:02:56.132247,1970-01-01 07:03:49.232253,53.100006,1014,,1.0
33,Standing,1970-01-01 00:08:24.382335,1970-01-01 00:09:44.932292,80.549957,1612,,1.0
33,Sitting,1970-01-01 00:10:12.432323,1970-01-01 00:12:54.782298,162.349975,3248,,1.0
33,Downstairs,1970-01-01 02:52:18.282268,1970-01-01 02:54:15.682292,117.400024,2349,,1.0
33,Walking,1970-01-01 02:55:03.962291,1970-01-01 03:01:23.142314,379.180023,7585,,1.0
33,Walking,1970-01-01 03:03:30.572215,1970-01-01 03:08:38.962322,308.390107,6170,,1.0
33,Jogging,1970-01-01 13:38:25.962326,1970-01-01 13:39:28.912429,62.950103,593,,1.0
33,Walking,1970-01-01 13:43:14.992294,1970-01-01 13:44:14.222275,59.229981,561,,1.0
33,Upstairs,1970-01-01 13:46:00.572311,1970-01-01 13:47:03.652298,63.079987,608,,1.0
33,Downstairs,1970-01-01 13:47:26.322311,1970-01-01 13:48:29.852310,63.529999,608,,1.0
33,Upstairs,1970-01-01 13:48:46.452286,1970-01-01 13:49:42.002304,55.550018,533,,1.0
33,Downstairs,1970-01-01 13:50:23.152298,1970-01-01 13:51:18.633591,55.481293,523,,1.0
33,Upstairs,1970-01-01 13:51:48.142319,1970-01-01 13:52:45.772293,57.629974,546,,1.0
33,Downstairs,1970-01-01 13:53:06.192276,1970-01-01 13:54:03.862289,57.670013,547,,1.0
33,Upstairs,1970-01-01 13:54:57.312271,1970-01-01 13:55:52.332290,55.020019,527,,1.0
33,Downstairs,1970-01-01 13:56:11.182297,1970-01-01 13:57:05.012253,53.829956,508,,1.0
33,Jogging,1970-01-01 15:19:21.522233,1970-01-01 15:20:33.552232,72.029999,546,,1.0
33,Walking,1970-01-01 15:21:45.572282,1970-01-01 15:22:45.452257,59.879975,571,,1.0
33,Jogging,1970-01-01 15:25:39.322343,1970-01-01 15:28:57.042314,197.719971,1791,,1.0
34,Walking,1970-01-01 00:04:55.812327,1970-01-01 00:10:35.732341,339.920014,6799,,1.0
34,Jogging,1970-01-01 00:11:07.682292,1970-01-01 00:16:22.632304,314.950012,6300,,1.0
34,Walking,1970-01-01 00:18:02.322307,1970-01-01 00:23:31.222301,328.899994,6579,,1.0
34,Jogging,1970-01-01 00:25:20.102306,1970-01-01 00:30:48.492320,328.390014,6569,,1.0
34,Standing,1970-01-01 00:31:32.382213,1970-01-01 00:32:39.792308,67.410095,1349,,1.0
34,Sitting,1970-01-01 00:33:18.952312,1970-01-01 00:34:37.652293,78.699981,1575,,1.0
34,Upstairs,1970-01-01 00:36:28.462321,1970-01-01 00:37:23.072337,54.610016,1094,,1.0
34,Downstairs,1970-01-01 00:37:43.702312,1970-01-01 00:38:19.592326,35.890014,719,,1.0
34,Upstairs,1970-01-01 00:38:37.692363,1970-01-01 00:39:27.092326,49.399963,989,,1.0
34,Downstairs,1970-01-01 00:39:44.222301,1970-01-01 00:40:19.622295,35.399994,709,,1.0
34,Upstairs,1970-01-01 00:41:10.302318,1970-01-01 00:41:54.162334,43.860016,879,,1.0
34,Downstairs,1970-01-01 00:42:11.032298,1970-01-01 00:42:47.182292,36.149994,724,,1.0
34,Upstairs,1970-01-01 00:43:48.562297,1970-01-01 00:44:36.472331,47.910034,959,,1.0
34,Downstairs,1970-01-01 00:44:56.602336,1970-01-01 00:45:31.702312,35.099976,703,,1.0
35,Standing,1970-01-01 00:01:13.452342,1970-01-01 00:02:06.822337,53.369995,1069,,1.0
35,Sitting,1970-01-01 00:02:29.632274,1970-01-01 00:03:49.532268,79.899994,1599,,1.0
35,Jogging,1970-01-01 00:07:49.472301,1970-01-01 00:13:01.382243,311.909942,6239,,1.0
35,Walking,1970-01-01 00:14:05.362254,1970-01-01 00:19:07.292216,301.929962,6039,,1.0
35,Jogging,1970-01-01 00:19:40.422252,1970-01-01 00:24:56.582286,316.160034,6325,,1.0
35,Walking,1970-01-01 09:26:38.582233,1970-01-01 09:27:34.612232,56.029999,1122,,1.0
36,Walking,1970-01-01 03:37:39.342298,1970-01-01 03:42:49.292279,309.949981,6200,,1.0
36,Jogging,1970-01-01 03:43:32.742261,1970-01-01 03:48:27.952283,295.210022,5809,,1.0
36,Jogging,1970-01-01 03:49:27.332288,1970-01-01 03:54:35.052198,307.71991,6078,,1.0
36,Upstairs,1970-01-01 03:55:46.632245,1970-01-01 03:56:57.572248,70.940003,1420,,1.0
36,Downstairs,1970-01-01 03:57:15.772290,1970-01-01 03:58:07.202283,51.429993,1030,,1.0
36,Upstairs,1970-01-01 03:58:30.312299,1970-01-01 03:59:39.682294,69.369995,1388,,1.0
36,Downstairs,1970-01-01 03:59:59.792737,1970-01-01 04:00:52.642377,52.84964,1059,,1.0
36,Upstairs,1970-01-01 04:01:08.612287,1970-01-01 04:02:09.272229,60.659942,1214,,1.0
36,Downstairs,1970-01-01 04:02:37.132306,1970-01-01 04:03:27.032300,49.899994,999,,1.0
36,Upstairs,1970-01-01 04:03:43.092359,1970-01-01 04:04:53.612287,70.519928,1407,,1.0
36,Downstairs,1970-01-01 04:05:21.742261,1970-01-01 04:06:15.622846,53.880584999999996,1079,,1.0
36,Sitting,1970-01-01 04:06:47.842267,1970-01-01 04:08:52.772290,124.930023,2500,,1.0
36,Standing,1970-01-01 04:09:13.002210,1970-01-01 04:10:49.162275,96.160065,1924,,1.0
